2021,10,24,001956,67.*.248.11,hxxps://bit.ly/3aXUBEo
2021,10,24,002504,X,noo.go7u.ltd
2021,10,24,003502,35.*.147.114,hxxps://iii.im/qNeA
2021,10,24,002504,X,vba.go7u.ltd
2021,10,24,002504,X,caa.yje5.ltd
2021,10,24,002504,X,nob.go7u.ltd
2021,10,24,002504,X,eebz.ncpw.run
2021,10,24,002504,X,nib.go7u.ltd
2021,10,24,002504,X,neb.go7u.ltd
2021,10,24,002504,X,cba.yje5.ltd
2021,10,24,001956,35.*.147.114,hxxps://iii.im/GGws
2021,10,24,002504,X,vbx.go7u.ltd
2021,10,24,002504,X,aos.go7u.ltd
2021,10,24,002504,X,aas.go7u.ltd
2021,10,24,002504,X,cma.yje5.ltd
2021,10,24,002504,X,cia.pszk.Ltd
2021,10,24,050507,X,an.kkzw.cash
2021,10,24,050507,X,vbx.go7u.ltd
2021,10,24,122517,67.*.248.10,hxxps://bit.ly/30BNcc4
2021,10,24,154023,X,cn.wkqw.site
2021,10,24,154023,185.*.144.6,cc.vcv0.tech
2021,10,24,153521,X,cc.tdzn.site
2021,10,24,174049,185.*.144.10,ssn.kckd.pLus
2021,10,24,174049,X,ce.qvzp.fit
2021,10,24,174049,X,nn.xncn.fit
2021,10,24,173528,67.*.248.10,bit.ly/3jtsbab
2021,10,24,174049,X,an.nt6k.tech
2021,10,24,174049,X,cov.gz8m.fit
2021,10,24,174049,X,ca.gz8m.fit
2021,10,24,174049,X,nt6k.tech
2021,10,24,174049,X,cox.gz8m.fit
2021,10,24,174049,X,cev.gz8m.fit
2021,10,24,174049,X,nn.qvzp.fit
2021,10,24,174049,X,ce.xncn.fit
2021,10,24,174049,X,cna.gz8m.fit
2021,10,24,174049,X,cxc.gz8m.fit
2021,10,24,174049,X,cab.gz8m.fit
2021,10,24,174049,185.*.144.9,caa.jpog.club
2021,10,24,181033,X,ce.qvzp.fit
2021,10,24,205037,67.*.248.11,hxxps://bit.ly/3CaDefK
2021,10,24,212103,X,sbe.n1hw.club
2021,10,24,212103,X,cc.jpog.club
2021,10,24,211539,X,ccb.kgss.cafe
2021,10,24,212103,52.*.36.30,hxxp://52.141.36.30:8282/login2/113/M
2021,10,24,212103,X,na.jpog.club
2021,10,24,212103,X,san.n1hw.club
2021,10,24,212103,X,cab.gz8m.fit
2021,10,24,212103,X,ca.gz8m.fit
2021,10,24,212103,X,no.jpog.club
2021,10,24,212103,X,cox.gz8m.fit
2021,10,24,212103,X,cc.wblt.club
2021,10,24,212103,X,aby.gz8m.fit
2021,10,24,212103,X,eo.n1hw.club
2021,10,24,212103,X,cov.gz8m.fit
2021,10,24,212103,X,cxc.gz8m.fit
2021,10,24,212103,X,ca.jpog.club
2021,10,24,212103,X,cb.gz8m.fit
2021,10,24,212103,X,nn.xncn.fit
2021,10,24,212103,X,sab.n1hw.club
2021,10,24,212103,X,eb.n1hw.club
2021,10,24,212103,X,cev.gz8m.fit
2021,10,24,212103,X,nn.qvzp.fit
2021,10,24,212103,185.*.144.10,vca.kckd.pLus
2021,10,24,212103,X,sat.n1hw.club
2021,10,24,211539,X,neb.cq3y.top
2021,10,24,212103,X,caa.jpog.club
2021,10,24,212103,X,ee.n1hw.club
2021,10,24,211539,X,ca.gz8m.fit
2021,10,24,212103,185.*.144.12,cn.jc4h.biz
2021,10,24,212103,X,cna.gz8m.fit
2021,10,24,212103,X,ce.qvzp.fit
2021,10,24,211539,115.*.48.31,hxxps://wa.gl/mgCpc
2021,10,24,224049,67.*.248.11,hxxps://bit.ly/3aXUBEo
2021,10,24,235102,X,nb.xncn.fit
2021,10,24,232554,185.*.144.11,cca.d5wn.life
2021,10,24,235102,X,nbe.go7u.ltd
2021,10,25,050113,185.*.144.10,ny.uqtn.pLus
2021,10,25,155138,168.*.71.16,hxxp://168.76.71.16/sdkvuiqio/
2021,10,25,154636,52.*.36.30,hxxp://52.141.36.30:8282/login2/5/T
2021,10,25,154126,67.*.248.11,hxxp://bit.ly/3BeCmp0
2021,10,25,154636,67.*.248.10,bit.ly/3BeCmp0
2021,10,25,174142,X,na.qvzp.fit
2021,10,25,180144,X,abe.kckd.pLus
2021,10,25,180144,52.*.36.30,hxxp://52.141.36.30:8282/login2/308/M
2021,10,25,180144,X,ccn.d5wn.life
2021,10,25,223155,114.*.49.8,hxxp://114.46.49.8
2021,10,25,221152,X,nz.qx6s.pLus
2021,10,25,221152,52.*.36.30,hxxp://52.141.36.30:8282/login2/461/M
2021,10,25,233158,35.*.170.159,hxxp://t9y.me/fpSq
2021,10,25,233158,X,ccx.kckd.pLus
2021,10,26,015706,X,cba.d5wn.life
2021,10,26,122217,164.*.184.136,hxxp://164.88.184.136/sklviore
2021,10,26,130219,67.*.248.11,hxxp://bit.ly/3CaW8mB
2021,10,26,135219,52.*.36.30,hxxp://52.141.36.30:8282/login2/113/M
2021,10,26,130219,X,xba.msuw.top
2021,10,26,130219,X,xxbe.vstw.group
2021,10,26,155731,67.*.248.11,bit.ly/3joVdHW
2021,10,26,154730,67.*.248.10,hxxp://bit.ly/3BeCmp0
2021,10,26,155731,X,cb.gz8m.fit
2021,10,26,160235,52.*.36.30,hxxp://52.141.36.30:8282/login2/403/M
2021,10,26,184738,52.*.36.30,hxxp://52.141.36.30:8282/login2/461/M
2021,10,26,184738,115.*.48.31,boa.la/1YEZj
2021,10,26,235751,217.*.0.37,hxxp://sn7.org/D8RPa
2021,10,26,235249,222.*.205.147,hxxp://ho.do/4ge
2021,10,26,232746,115.*.48.31,hxxps://han.gl/S2L6p
2021,10,26,235249,35.*.170.159,hxxps://t9y.me/rC3m
2021,10,27,074301,183.*.199.230,hxxp://t2m.kr/l8BTC
2021,10,27,080303,45.*.59.196,hxxps://s.id/I6W86
2021,10,27,105307,67.*.248.11,bit.ly/3w0ZNBv
2021,10,27,110314,67.*.248.10,hxxp://bit.ly/3w0ZNBv
2021,10,27,111817,X,hxxp://cca.gakj.life
2021,10,27,111817,X,hxxp://nab.nbrx.live
2021,10,27,111817,X,hxxp://ab.uoap.wang
2021,10,27,111817,X,hxxp://ne.hlmf.wang
2021,10,27,111817,X,hxxp://na.fgpf.cab
2021,10,27,122323,67.*.248.10,hxxp://bit.ly/3w0ZNBv
2021,10,27,153840,67.*.248.10,bit.ly/3pGUYvR
2021,10,27,155346,X,nen.kgxd.tax
2021,10,27,154844,67.*.248.10,hxxp://bit.ly/3pGUYvR
2021,10,27,152331,52.*.32.83,hxxp://52.231.32.83:8282/login2/5/T
2021,10,27,155346,X,xxy.tm3s.love
2021,10,27,151829,67.*.248.11,hxxp://bit.ly/3w0ZNBv
2021,10,27,161850,67.*.248.11,bit.ly/3pGUYvR
2021,10,27,161348,67.*.248.11,hxxp://bit.ly/3pGUYvR
2021,10,27,170354,X,xxao.tsow.asia
2021,10,27,180904,X,aaxe.trox.love
2021,10,27,232417,183.*.169.122,hxxp://url.kr/v5BLs8
2021,10,27,232417,104.*.139.65,hxxps://tinyurl.com/yjzltebc
2021,10,27,230917,67.*.248.11,hxxp://bit.ly/3pIgX5K
2021,10,27,230917,52.*.36.30,hxxp://52.141.36.30:8282/login2/5/T
2021,10,27,232920,X,nnb.cq3y.top
2021,10,27,232920,67.*.248.10,bit.ly/3w0ZNBv
2021,10,27,230917,52.*.32.83,hxxp://52.231.32.83:8282/login2/5/M
2021,10,28,001929,X,aip.gz8m.fit
2021,10,28,005933,51.*.112.125,hxxp://iurl.at/g62VO
2021,10,28,070441,X,nae.pn47.today
2021,10,28,070441,X,cnb.gz8m.fit
2021,10,28,091947,67.*.248.10,hxxps://bit.ly/3CaDefK
2021,10,28,122453,67.*.248.11,hxxps://bit.ly/3FBTJni
2021,10,28,153513,67.*.248.11,hxxp://bit.ly/3w0ZNBv
2021,10,28,150008,67.*.248.10,hxxp://bit.ly/2Zurkzr
2021,10,28,161028,52.*.32.83,hxxp://52.231.32.83:8282/login2/5/M
2021,10,28,160524,67.*.248.11,hxxp://bit.ly/2Zurkzr
2021,10,28,160524,X,vce.kckd.pLus
2021,10,28,164533,67.*.248.10,hxxp://bit.ly/2Zurkzr
2021,10,28,172540,67.*.248.10,bit.ly/3vUlVwZ
2021,10,28,182046,67.*.248.10,hxxp://bit.ly/3vUlVwZ
2021,10,28,184048,67.*.248.11,bit.ly/3
2021,10,28,195051,67.*.248.11,hxxp://bit.ly/3w0ZNBv
2021,10,28,235602,172.*.1.225,hxxp://tinyurl.com/yc29eg3s
2021,10,28,232559,67.*.248.11,hxxp://bit.ly/3pGUYvR
2021,10,29,010105,67.*.248.10,hxxp://bit.ly/3jtsbab
2021,10,29,013107,67.*.248.10,bit.ly/3CaW8mB
2021,10,29,080116,67.*.248.10,bit.ly/3vUlVwZ
2021,10,29,080116,104.*.139.65,hxxp://tinyurl.com/yh6g3tcp
2021,10,29,110122,67.*.248.11,hxxp://bit.ly/3bloQ8Q
2021,10,29,111634,52.*.32.83,hxxp://52.231.32.83:8282/login2/5/T
2021,10,29,111131,67.*.248.10,hxxp://bit.ly/3bloQ8Q
2021,10,29,112139,67.*.248.11,hxxp://bit.ly/3nCJOpe
2021,10,29,154155,X,ca.gz8m.fit
2021,10,29,153649,183.*.169.122,hxxp://url.kr/jl3xHT
2021,10,29,154155,52.*.32.83,hxxp://52.231.32.83:8282/login2/113/M
2021,10,29,154155,67.*.248.10,bit.ly/3pNEbHq
2021,10,29,153649,67.*.248.10,hxxps://bit.ly/3pd4cQo
2021,10,29,153649,172.*.202.100,hxxp://shorturl.at/xyLS8
2021,10,29,153649,35.*.170.159,hxxps://t9y.me/P9LN
2021,10,29,163706,52.*.32.83,hxxp://52.231.32.83:8282/login2/461/M
2021,10,29,163706,115.*.48.31,me2.kr/2lotn
2021,10,29,163203,67.*.248.10,hxxp://bit.ly/2Zurkzr
2021,10,29,163203,X,vc.cjthemar.pro
2021,10,30,001217,104.*.139.65,hxxp://tinyurl.com/yh6847nb
2021,10,30,001217,183.*.199.230,t2m.kr/XvOJ2
2021,10,30,001217,115.*.48.31,boa.la/1YEZj
2021,10,30,001217,67.*.248.11,bit.ly/2zYrtOb
2021,10,30,001725,52.*.32.83,hxxp://52.231.32.83:8282/login2/5/M
2021,10,30,004233,51.*.112.125,hxxps://iurl.at/aDIYc
2021,10,30,043744,67.*.248.11,bit.ly/2Zurkzr
2021,10,30,075749,67.*.248.10,hxxp://bit.ly/3w0ZNBv
2021,10,30,103754,192.*.1.1,hxxp://bc.halfssm.top
2021,10,30,155803,52.*.32.83,hxxp://52.231.32.83:8282/login2/5/T
2021,10,30,172812,52.*.32.83,hxxp://52.231.32.83:8282/login2/461/M
2021,10,31,004332,X,hxxp://xio.gne0.press
2021,10,31,004332,52.*.32.83,hxxp://52.231.32.83:8282/login2/456/M
2021,10,31,004332,67.*.248.11,hxxp://bit.ly/3w0ZNBv
2021,10,31,105848,67.*.248.10,hxxp://bit.ly/31bBxkx
2021,10,31,104346,67.*.248.10,hxxp://bit.ly/31bBxkx
2021,10,31,112859,84.*.190.53,ccr.dp6k.cool
2021,10,31,112351,67.*.248.10,hxxp://bit.ly/31bBxkx
2021,10,31,124406,67.*.248.10,hxxp://bit.ly/3jRLwC7
2021,10,31,123903,67.*.248.10,hxxp://bit.ly/31bBxkx
2021,10,31,130910,84.*.190.54,ssb.iwcx.pink
2021,10,31,130910,67.*.248.10,bit.ly/3jRLwC7
2021,10,31,135913,103.*.228.60,hxxp://ps.directss.pro
2021,10,31,140419,84.*.190.53,cna.cqyo.cool
2021,10,31,140920,84.*.190.53,bmo.cqyo.cool
2021,10,31,143424,84.*.190.54,aab.souy.pink
2021,10,31,143425,52.*.32.83,hxxp://52.231.32.83:8282/login2/5/M
2021,10,31,143424,52.*.32.83,hxxp://52.231.32.83:8282/login2/403/M
2021,10,31,140419,84.*.190.54,aan.souy.pink
2021,10,31,141923,84.*.190.54,aae.souy.pink
2021,10,31,155438,67.*.248.10,hxxps://bit.ly/3kf6Ja5
2021,10,31,154433,112.*.184.12,hxxp://solt.pw/NGVkZTk
2021,10,31,154936,112.*.184.12,hxxp://solt.pw/NGVkZTk
2021,10,31,154936,172.*.150.133,hxxps://itsssl.com/ICyKo
2021,10,31,161439,67.*.248.11,hxxp://bit.ly/3jSTV8q
2021,10,31,174500,X,aaa.nkrr.press
2021,10,31,175515,X,aaeb.f8Lq.cLoud
2021,10,31,173953,X,cca.dp6k.cool
2021,10,31,173953,X,cce.dp6k.cool
2021,10,31,173953,X,xas.ctoi.live
2021,10,31,174500,X,cce.nkrr.press
2021,10,31,173953,X,abn.xkha.press
2021,10,31,173953,X,ccs.dp6k.cool
2021,10,31,173953,X,npb.i2ft.cool
2021,10,31,173953,X,ccx.dp6k.cool
2021,10,31,174500,X,xab.ctoi.live
2021,10,31,174500,X,xey.gne0.press
2021,10,31,173953,X,vzb.eljv.cool
2021,10,31,173953,X,nac.i2ft.cool
2021,10,31,173953,X,ccs.nkrr.press
2021,10,31,173953,X,cn.iyvv.press
2021,10,31,173953,X,ccr.dp6k.cool
2021,10,31,173953,X,vzx.eljv.cool
2021,10,31,175008,185.*.144.22,xxb.mthu.pet
2021,10,31,174500,X,xay.ctoi.live
2021,10,31,173953,X,ccy.dp6k.cool
2021,10,31,173953,X,vao.eljv.cool
2021,10,31,173953,X,nay.i2ft.cool
2021,10,31,174500,67.*.248.10,bit.ly/3jSTV8q
2021,10,31,175515,115.*.48.31,hxxps://ko.gl/Pj5T
2021,10,31,173953,X,xnn.ctoi.live
2021,10,31,173953,X,nbb.i2ft.cool
2021,10,31,175008,52.*.32.83,hxxp://52.231.32.83:8282/login2/461/M
2021,10,31,180517,67.*.248.10,hxxp://bit.ly/3pIgX5K
2021,10,31,215523,X,seb.gne0.press
2021,10,31,214522,X,cco.wyx3.cool
2021,10,31,235026,X,aas.souy.pink
2021,11,01,012028,X,ben.cqyo.cool
2021,11,01,083037,52.*.32.83,hxxp://52.231.32.83:8282/login2/5/T
2021,11,01,083037,115.*.48.31,hxxp://asq.kr/By1E8i0DazZHS
2021,11,01,090539,67.*.248.10,hxxp://bit.ly/31bBxkx
2021,11,01,092540,52.*.32.83,hxxp://52.231.32.83:8282/login2/456/M
2021,11,01,092540,X,aas.go7u.ltd
2021,11,01,104050,52.*.32.83,hxxp://52.231.32.83:8282/login2/5/T
2021,11,01,113553,67.*.248.10,hxxp://bit.ly/3ByawEy
2021,11,01,112050,52.*.32.83,hxxp://52.231.32.83:8282/login2/456/M
2021,11,01,121055,52.*.32.83,hxxp://52.231.32.83:8282/login2/113/M
2021,11,01,131605,67.*.248.10,bit.ly/3ByawEy
2021,11,01,140609,X,cac.gz8m.fit
2021,11,01,140609,52.*.32.83,hxxp://52.231.32.83:8282/login2/5/M
2021,11,01,151118,52.*.32.83,hxxp://52.231.32.83:8282/login2/308/M
2021,11,01,160629,52.*.32.83,hxxp://52.231.32.83:8282/login2/5/T
2021,11,01,160629,43.*.131.4,hxxp://43.242.131.4
2021,11,01,160629,51.*.112.125,iurl.at/gm0xH
2021,11,01,175136,X,xay.ctoi.live
2021,11,01,173132,X,aas.souy.pink
2021,11,01,175136,X,ano.nkrr.press
2021,11,01,173132,X,ccn.wyx3.cool
2021,11,01,175136,X,ccr.dp6k.cool
2021,11,01,175136,X,sep.gne0.press
2021,11,01,170130,67.*.248.11,bit.ly/3EzEtWB
2021,11,01,175136,X,anb.sa6c.live
2021,11,01,170130,115.*.48.31,url.vet/07ra6
2021,11,01,184141,52.*.32.83,hxxp://52.231.32.83:8282/login2/5/M
2021,11,01,200143,67.*.248.11,hxxps://bit.ly/2M7crIJ
2021,11,01,211146,115.*.48.31,hxxp://asq.kr/UoXRN1vg09Gc9
2021,11,01,211146,67.*.248.10,hxxp://bit.ly/2XROwUz
2021,11,01,233651,X,vba.eljv.cool
2021,11,01,230149,X,aol.xkha.press
2021,11,02,103704,X,nbi.p6ex.mobi
2021,11,02,111206,104.*.40.91,hxxps://z100.io/8YwRN
2021,11,02,115708,104.*.92.99,hxxp://bo.daehansm.top
2021,11,02,134213,67.*.248.10,bit.ly/3bBVUcs
2021,11,02,134213,52.*.32.83,hxxp://52.231.32.83:8282/login2/5/T
2021,11,02,134213,104.*.92.99,bo.daehansm.top
2021,11,02,150217,52.*.32.83,hxxp://52.231.32.83:8282/login2/5/M
2021,11,02,160227,52.*.32.83,hxxp://52.231.32.83:8282/login2/447/M
2021,11,02,165232,52.*.32.83,hxxp://52.231.32.83:8282/login2/5/M
2021,11,02,160227,217.*.0.37,sn7.org/KI5No
2021,11,02,163229,172.*.191.136,hxxp://mb.daehansm.top
2021,11,02,170740,X,hxxp://sex.gne0.press
2021,11,02,172741,X,hxxp://voa.gne0.press
2021,11,02,174744,104.*.92.99,da.daehansm.top
2021,11,03,004256,104.*.92.99,da.daehansm.top
2021,11,03,004256,104.*.139.65,hxxp://tinyurl.com/y2elhrjo
2021,11,03,004256,52.*.32.83,hxxp://52.231.32.83:8282/login2/461/M
2021,11,03,004256,172.*.191.136,cs.daehansm.top
2021,11,03,091310,35.*.147.114,hxxps://iii.im/xF2r
2021,11,03,134817,67.*.248.10,hxxp://bit.ly/31bBxkx
2021,11,03,140319,52.*.32.83,hxxp://52.231.32.83:8282/login2/5/T
2021,11,03,140319,67.*.248.11,bit.ly/3pIgX5K
2021,11,03,152327,52.*.32.83,hxxp://52.231.32.83:8282/login2/5/M
2021,11,03,152327,67.*.248.10,bit.ly/31bBxkx
2021,11,03,151825,35.*.147.114,hxxps://iii.im/pepe
2021,11,03,152327,35.*.147.114,hxxps://iii.im/RCGR
2021,11,03,153835,168.*.20.178,hxxp://168.76.20.178/wvklj/
2021,11,03,170337,35.*.147.114,hxxps://iii.im/pepe
2021,11,03,175841,67.*.248.11,hxxps://bit.ly/3DiPA5G
2021,11,03,195845,52.*.32.83,hxxp://52.231.32.83:8282/login2/461/M
2021,11,03,195845,X,nce.qgfn.pink
2021,11,03,195845,67.*.248.11,hxxps://bit.ly/3aXUBEo
2021,11,03,222355,X,cb.gz8m.fit
2021,11,03,222355,X,cn.t8t0.biz
2021,11,04,000359,222.*.205.147,hxxp://ho.do/4gh
2021,11,04,034406,93.*.30.3,trim4.me/wLs
2021,11,04,032904,172.*.183.71,z100.io/g7n73
2021,11,04,105921,35.*.147.114,hxxps://iii.im/RCGR
2021,11,04,102914,35.*.147.114,hxxps://iii.im/XaHE
2021,11,04,102914,52.*.32.83,hxxp://52.231.32.83:8282/login2/5/T
2021,11,04,102914,67.*.248.11,bit.ly/31viqSL
2021,11,04,111924,X,bee.cqyo.cool
2021,11,04,111924,35.*.147.114,hxxps://iii.im/pepe
2021,11,04,110922,X,aab.m65i.press
2021,11,04,114427,118.*.83.39,hxxp://118.160.83.39
2021,11,04,154936,52.*.32.83,hxxp://52.231.32.83:8282/login2/113/M
2021,11,04,154936,35.*.147.114,hxxps://iii.im/i9vS
2021,11,04,153434,43.*.131.57,hxxp://43.242.131.57/cci0137/Ky
2021,11,04,183450,X,hxxp://co.xkha.press
2021,11,04,184451,35.*.147.114,hxxps://iii.im/XaHE
2021,11,04,180443,52.*.32.83,hxxp://52.231.32.83:8282/login2/5/T
2021,11,04,185453,194.*.32.40,inx.lv/ADuP
2021,11,04,180443,35.*.147.114,hxxps://iii.im/MOEr
2021,11,04,182948,67.*.248.10,bit.ly/3mFTd06
2021,11,04,235501,104.*.39.117,hxxps://soo.gd/Oyyu
2021,11,05,094020,104.*.44.244,hxxp://ws.nicesmm.top
2021,11,05,095022,172.*.205.125,hxxp://yu.nicesmm.top
2021,11,05,091015,104.*.44.244,hxxp://ws.nicesmm.top
2021,11,05,105527,172.*.205.125,hxxp://dw.nicesmm.top
2021,11,05,101524,172.*.205.125,yu.nicesmm.top
2021,11,05,121035,52.*.32.83,hxxp://52.231.32.83:8282/login2/403/M
2021,11,05,132045,172.*.205.125,hxxp://ws.nicesmm.top
2021,11,05,141551,104.*.44.244,yu.nicesmm.top
2021,11,05,141551,35.*.147.114,hxxps://iii.im/xF2r
2021,11,05,164102,X,xxnb.sowp.asia
2021,11,05,164102,X,na.fgpf.cab
2021,11,05,163601,35.*.147.114,hxxps://iii.im/TZ0r
2021,11,05,165606,52.*.32.83,hxxp://52.231.32.83:8282/login2/5/M
2021,11,05,164102,X,any.nkrr.press
2021,11,05,190616,103.*.229.63,hxxp://ws.daehansm.top
2021,11,05,194618,35.*.147.114,hxxps://iii.im/TZ0r
2021,11,05,233631,52.*.32.83,hxxp://52.231.32.83:8282/login2/308/M
2021,11,05,232625,67.*.248.10,hxxps://bit.ly/2YhoM6T
2021,11,06,002641,X,nb.wblt.club
2021,11,06,002641,67.*.248.11,hxxps://bit.ly/2ZWwy6x
2021,11,06,004650,67.*.248.10,bit.ly/2yOXlVb?ul
2021,11,06,002641,115.*.48.31,hxxps://han.gl/o94QX
2021,11,06,061724,67.*.248.11,hxxps://bit.ly/2YhoM6T
2021,11,06,070733,104.*.138.65,hxxp://tinyurl.com/y8xlck9e
2021,11,06,070228,172.*.205.125,ws.nicesmm.top
2021,11,06,070228,104.*.44.244,yu.nicesmm.top
2021,11,06,075238,67.*.248.10,hxxps://bit.ly/30BNcc4
2021,11,06,070228,67.*.248.10,hxxps://bit.ly/3wwwoiR
2021,11,06,070733,104.*.70.119,hxxp://nhsavingbankis.com/
2021,11,06,083240,67.*.248.10,hxxps://bit.ly/3EOwBk7
2021,11,06,112751,67.*.248.11,hxxps://bit.ly/3CUbNr4
2021,11,06,142810,185.*.144.30,cn.fqd2.host
2021,11,06,141804,67.*.248.11,hxxps://bit.ly/3bNhR8Q
2021,11,06,142309,X,nnr.gki0.sale
2021,11,06,154313,67.*.248.11,hxxps://bit.ly/3CQigDh
2021,11,06,171824,52.*.32.83,hxxp://52.231.32.83:8282/login2/5/T
2021,11,06,204856,67.*.248.10,hxxp://bit.ly/3bNvk0c
2021,11,06,220859,67.*.248.10,hxxp://bit.ly/3jQQa2B
2021,11,06,232404,67.*.248.10,hxxps://bit.ly/3o5RQXU
2021,11,06,232908,52.*.32.83,hxxp://52.231.32.83:8282/login2/456/M
2021,11,06,232404,35.*.147.114,hxxps://iii.im/MxQ7
2021,11,07,000911,67.*.248.10,hxxps://bit.ly/3CQigDh
2021,11,07,000410,103.*.229.63,hxxp://da.daehansm.top
2021,11,07,023415,67.*.248.10,bit.ly/3bNvk0c
2021,11,07,025917,67.*.248.10,hxxps://bit.ly/2YhoM6T
2021,11,07,073921,67.*.248.11,hxxps://bit.ly/3o5RQXU
2021,11,07,075922,67.*.248.11,hxxps://bit.ly/3CUbNr4
2021,11,07,090925,67.*.248.10,hxxp://bit.ly/3BSIVxK
2021,11,07,094427,67.*.248.11,bit.ly/3BSIVxK
2021,11,07,130947,67.*.248.10,hxxp://bit.ly/3BSIVxK
2021,11,07,132957,84.*.190.7,cs.ogyu.Live
2021,11,07,130947,84.*.190.7,ab.mpwx.Live
2021,11,07,130948,67.*.248.10,hxxp://bit.ly/3BSIVxK
2021,11,07,143514,84.*.190.7,os.scuu.Live
2021,11,07,143007,79.*.63.249,cg.tetb.tech
2021,11,07,153514,84.*.190.7,ce.ogyu.Live
2021,11,07,172520,79.*.63.249,am.xpkr.tech
2021,11,07,180524,79.*.63.249,xv.hkl7.tech
2021,11,07,182042,67.*.248.11,bit.ly/3o3I88y
2021,11,07,182042,84.*.190.7,ay.e5nt.Live
2021,11,07,182042,X,ccb.bva6.cash
2021,11,07,180524,84.*.190.7,yv.mpwx.Live
2021,11,07,182042,52.*.32.83,hxxp://52.231.32.83:8282/login2/5/M
2021,11,07,211047,X,ne.e5nt.Live
2021,11,07,211047,X,sd.xp1t.Live
2021,11,07,211047,X,nr.e5nt.Live
2021,11,07,211047,X,nn.xp1t.Live
2021,11,07,211047,X,ae.e5nt.Live
2021,11,07,211047,X,cd.xp1t.Live
2021,11,07,211047,X,sx.xp1t.Live
2021,11,07,211047,X,ca.xp1t.Live
2021,11,07,211047,X,at.xp1t.Live
2021,11,07,211047,X,ebn.e5nt.Live
2021,11,07,211047,X,nf.xp1t.Live
2021,11,07,211047,X,ss.xp1t.Live
2021,11,07,211546,X,cb.ogyu.Live
2021,11,07,211047,X,sc.xp1t.Live
2021,11,07,211047,X,sn.xp1t.Live
2021,11,07,211047,X,ebs.e5nt.Live
2021,11,07,211047,X,as.e5nt.Live
2021,11,07,211047,X,cn.xp1t.Live
2021,11,07,211047,X,sw.xp1t.Live
2021,11,07,211047,X,np.e5nt.Live
2021,11,07,211047,X,cs.xp1t.Live
2021,11,07,211047,X,se.xp1t.Live
2021,11,07,211047,X,ebx.e5nt.Live
2021,11,07,211047,X,ebc.e5nt.Live
2021,11,07,211546,X,xd.hkl7.tech
2021,11,07,211047,X,nx.e5nt.Live
2021,11,07,211047,X,co.xp1t.Live
2021,11,07,211047,X,na.xp1t.Live
2021,11,07,211047,X,sb.xp1t.Live
2021,11,07,211047,X,sa.xp1t.Live
2021,11,07,211047,67.*.248.11,hxxp://bit.ly/3BSIVxK
2021,11,07,211047,X,ce.xp1t.Live
2021,11,07,211047,X,en.e5nt.Live
2021,11,07,221051,67.*.248.10,hxxp://bit.ly/3BIitYi
2021,11,07,220550,103.*.229.63,hxxp://dw.nicesmm.top
2021,11,07,232558,X,sf.xp1t.Live
2021,11,07,232558,115.*.48.31,hxxp://BitLY.kr/US4nC67Wuh
2021,11,08,002104,X,cc.bfvr.host
2021,11,08,005606,52.*.32.83,hxxp://52.231.32.83:8282/login2/456/M
2021,11,08,002104,X,nn.tetb.tech
2021,11,08,005606,172.*.223.99,hxxp://nhsavingbankis.com/
2021,11,08,011114,X,cy.ogyu.Live
2021,11,08,070622,X,nc.ogyu.Live
2021,11,08,082128,67.*.248.11,hxxps://bit.ly/3mQIMqo
2021,11,08,111133,67.*.248.11,hxxps://bit.ly/3wwwoiR
2021,11,08,114144,67.*.248.11,hxxps://bit.ly/2YhoM6T
2021,11,08,114144,52.*.32.83,hxxp://52.231.32.83:8282/login2/5/T
2021,11,08,132151,67.*.248.11,hxxp://bit.ly/2Zurkzr
2021,11,08,133653,67.*.248.10,hxxp://bit.ly/3BHMqrd
2021,11,08,133152,103.*.229.63,hxxp://yu.nicesmm.top
2021,11,08,141700,X,ac.e5nt.Live
2021,11,08,141159,52.*.32.83,hxxp://52.231.32.83:8282/login2/5/M
2021,11,08,145700,183.*.169.122,hxxp://url.kr/G78eSJ
2021,11,08,141700,X,nxir.gceu.ltd
2021,11,08,141700,67.*.248.10,bit.ly/34mdGLQ?qnkwwk
2021,11,08,141700,X,cye.jynm.mobi
2021,11,08,141700,X,sd.xp1t.Live
2021,11,08,141700,X,cn.ogyu.Live
2021,11,08,141700,X,ce.xp1t.Live
2021,11,08,141700,X,co.xp1t.Live
2021,11,08,153705,164.*.186.136,hxxp://164.88.186.136/dklvuiew
2021,11,08,151201,67.*.248.10,bit.ly/2ZYRqLb
2021,11,08,155208,172.*.223.99,hxxp://nhsavingbankis.com/
2021,11,08,151201,52.*.32.83,hxxp://52.231.32.83:8282/login2/461/M
2021,11,08,154207,X,ev.dwys.work
2021,11,08,161709,36.*.92.69,hxxp://36.228.92.69
2021,11,08,162714,67.*.248.10,hxxp://bit.ly/3BSIVxK
2021,11,08,165220,X,vxe.gki0.sale
2021,11,08,163716,52.*.32.83,hxxp://52.231.32.83:8282/login2/461/M
2021,11,08,173231,X,cs.ogyu.Live
2021,11,08,173231,X,cr.xp1t.Live
2021,11,08,172221,52.*.32.83,hxxp://52.231.32.83:8282/login2/461/M
2021,11,08,173231,X,nf.xp1t.Live
2021,11,08,190236,X,hxxp://nb.e5nt.Live
2021,11,08,194242,X,hxxp://nr.xdv3.work
2021,11,08,190236,X,hxxp://ce.fqd2.host
2021,11,08,205244,67.*.248.11,hxxps://bit.ly/2ZWwy6x
2021,11,08,205244,X,hxxp://xe.ui7h.host
2021,11,08,205244,X,hxxp://eb.j04z.tech
2021,11,08,230255,67.*.248.11,hxxp://bit.ly/3vUlVwZ
2021,11,08,230255,35.*.147.114,hxxps://iii.im/i9vS
2021,11,09,002305,X,sf.xp1t.Live
2021,11,09,003311,52.*.32.83,hxxp://52.231.32.83:8282/login2/308/M
2021,11,09,002808,67.*.248.11,bit.ly/3BSIVxK
2021,11,09,001756,67.*.248.11,hxxps://bit.ly/3aXUBEo
2021,11,09,074828,67.*.248.10,hxxps://bit.ly/2ZcqXJx
2021,11,09,083830,67.*.248.11,hxxp://bit.ly/3F3hPq1
2021,11,09,103337,52.*.32.83,hxxp://52.231.32.83:8282/login2/5/T
2021,11,09,103337,67.*.248.10,bit.ly/3odlOJw
2021,11,09,100832,67.*.248.11,hxxps://bit.ly/3wsMmtY
2021,11,09,112840,52.*.32.83,hxxp://52.231.32.83:8282/login2/5/M
2021,11,09,110338,67.*.248.10,hxxps://bit.ly/3GXkEux
2021,11,09,120856,52.*.32.83,hxxp://52.231.32.83:8282/login2/5/M
2021,11,09,120856,67.*.248.10,hxxps://bit.ly/2YhoM6T
2021,11,09,120355,61.*.76.215,hxxp://61.227.76.215
2021,11,09,135404,52.*.32.83,hxxp://52.231.32.83:8282/login2/466/M
2021,11,09,134403,114.*.208.135,hxxp://114.43.208.135
2021,11,09,140919,X,sa.xp1t.Live
2021,11,09,140919,X,en.e5nt.Live
2021,11,09,140919,X,ce.scuu.Live
2021,11,09,140410,52.*.32.83,hxxp://52.231.32.83:8282/login2/5/M
2021,11,09,140919,52.*.32.83,hxxp://52.231.32.83:8282/login2/5/M
2021,11,09,145926,52.*.32.83,hxxp://52.231.32.83:8282/login2/5/T
2021,11,09,143425,165.*.249.151,hxxp://165.3.249.151/ewlkjew
2021,11,09,152938,67.*.248.10,hxxps://bit.ly/3o5RQXU
2021,11,09,170941,52.*.32.83,hxxp://52.231.32.83:8282/login2/308/M
2021,11,09,172944,67.*.248.10,hxxps://bit.ly/3wsMmtY
2021,11,10,045030,X,cr.mpwx.Live
2021,11,10,083534,52.*.32.83,hxxp://52.231.32.83:8282/login2/5/T
2021,11,10,105546,67.*.248.11,hxxp://bit.ly/3BSIVxK
2021,11,10,101040,52.*.32.83,hxxp://52.231.32.83:8282/login2/5/T
2021,11,10,113549,52.*.32.83,hxxp://52.231.32.83:8282/login2/456/M
2021,11,10,113549,67.*.248.10,bit.ly/3n2KzZP
2021,11,10,121054,52.*.32.83,hxxp://52.231.32.83:8282/login2/113/M
2021,11,10,120552,X,sd.xp1t.Live
2021,11,10,134115,67.*.248.11,hxxp://bit.ly/3owObTt
2021,11,10,132108,52.*.32.83,hxxp://52.231.32.83:8282/login2/113/M
2021,11,10,142117,165.*.249.190,hxxp://165.3.249.190/pewnuew/
2021,11,10,154620,67.*.248.11,hxxp://bit.ly/3bNs0SX
2021,11,10,161122,52.*.32.83,hxxp://52.231.32.83:8282/login2/461/M
2021,11,10,161122,67.*.248.10,bit.ly/3C1sK1e
2021,11,10,175639,67.*.248.10,hxxps://bit.ly/3kmSZJH
2021,11,10,182642,67.*.248.10,hxxps://bit.ly/3kmSZJH
2021,11,10,183144,67.*.248.10,hxxps://bit.ly/3mZfXbo
2021,11,10,182141,67.*.248.11,hxxps://bit.ly/3kmSZJH
2021,11,10,203648,67.*.248.10,hxxp://bit.ly/3F3A3rm
2021,11,10,205149,67.*.248.11,hxxp://bit.ly/3F0YMwd
2021,11,10,211702,67.*.248.10,bit.ly/3F0YMwd
2021,11,10,214210,67.*.248.11,hxxp://bit.ly/3H8DO0h
2021,11,10,211702,X,ce.scuu.Live
2021,11,10,211702,52.*.32.83,hxxp://52.231.32.83:8282/login2/456/M
2021,11,10,210200,67.*.248.11,hxxp://bit.ly/3F0YMwd
2021,11,10,225214,X,xxzi.vosu.run
2021,11,10,224713,67.*.248.11,hxxp://bit.ly/3F3A3rm
2021,11,10,235726,67.*.248.11,bit.ly/3H8DO0h
2021,11,11,004730,67.*.248.11,bit.ly/3H8DO0h
2021,11,11,061836,67.*.248.11,hxxp://bit.ly/3o7tZav
2021,11,11,085343,67.*.248.11,bit.ly/3n2KzZP
2021,11,11,105849,52.*.32.83,hxxp://52.231.32.83:8282/login2/5/T
2021,11,11,103346,67.*.248.10,hxxp://bit.ly/3odlOJw
2021,11,11,114402,52.*.32.83,hxxp://52.231.32.83:8282/login2/461/M
2021,11,11,133501,52.*.32.83,hxxp://52.231.32.83:8282/login2/456/M
2021,11,11,143026,67.*.248.11,hxxps://bit.ly/2YhoM6T
2021,11,11,143026,52.*.32.83,hxxp://52.231.32.83:8282/login2/236/M
2021,11,11,154554,52.*.32.83,hxxp://52.231.32.83:8282/login2/113/M
2021,11,11,165613,52.*.32.83,hxxp://52.231.32.83:8282/login2/5/T
2021,11,11,164109,61.*.187.227,hxxp://61.231.187.227/
2021,11,11,170622,X,mb.daehansm.top
2021,11,11,232725,52.*.32.83,hxxp://52.231.32.83:8282/login2/456/M
2021,11,11,232725,1.*.146.204,hxxps://lrl.kr/dE3c
2021,11,12,003251,35.*.147.114,hxxps://iii.im/XaHE
2021,11,12,005810,67.*.248.11,hxxps://bit.ly/3wsMmtY
2021,11,12,004805,67.*.248.10,hxxps://bit.ly/3F608
2021,11,12,000245,X,hxxp://www.nhsavings.com
2021,11,12,000245,X,ccb.bva6.cash
2021,11,12,004805,103.*.228.35,hxxp://da.mycitroes.pro
2021,11,12,003251,67.*.248.10,hxxp://bit.ly/3o7tZav
2021,11,12,012833,1.*.146.204,hxxps://lrl.kr/dE3c
2021,11,12,074925,115.*.48.31,hxxps://han.gl/0Kb9n
2021,11,12,081504,67.*.248.10,hxxps://bit.ly/2ZWwy6x
2021,11,12,091048,52.*.32.83,hxxp://52.231.32.83:8282/login2/5/T
2021,11,12,091048,1.*.146.204,hxxps://lrl.kr/d43Y
2021,11,12,103123,67.*.248.10,hxxp://bit.ly/3nCJOpe
2021,11,12,103123,52.*.32.83,hxxp://52.231.32.83:8282/login2/5/T
2021,11,12,110140,X,vcn.gne0.press
2021,11,12,131710,X,nc.xp1t.Live
2021,11,12,131710,X,hxxp://www.nhsavings.com
2021,11,12,131710,35.*.147.114,hxxps://iii.im/i9vS
2021,11,12,142737,67.*.248.10,hxxp://bit.ly/3n2KzZP
2021,11,12,141227,X,ccb.bva6.cash
2021,11,12,141732,67.*.248.10,bit.ly/3dCWZ3r
2021,11,12,151249,52.*.32.83,hxxp://52.231.32.83:8282/login2/5/M
2021,11,12,162834,52.*.32.83,hxxp://52.231.32.83:8282/login2/461/M
2021,11,12,162834,27.*.36.25,hxxp://mrnxpiaqja.duckdns.org
2021,11,12,162324,27.*.36.25,hxxp://qmhrqsvtqn.duckdns.org
2021,11,12,175405,27.*.36.25,hxxp://qjgyopehxm.duckdns.org
2021,11,12,190924,35.*.147.114,hxxps://iii.im/i9vS
2021,11,12,190924,52.*.32.83,hxxp://52.231.32.83:8282/login2/456/M
2021,11,12,203440,27.*.36.25,hxxp://ombeanrrqf.duckdns.org
2021,11,12,201936,27.*.36.25,hxxp://oanooaazzz.duckdns.org
2021,11,12,220951,67.*.248.11,hxxps://bit.ly/3BUxKVq
2021,11,12,234004,27.*.36.25,hxxp://pobaobannn.duckdns.org
2021,11,12,234004,35.*.147.114,hxxps://iii.im/pepe
2021,11,13,022010,1.*.146.204,hxxps://lrl.kr/IYr
2021,11,13,041527,67.*.248.10,hxxps://bit.ly/3BUxKVq
2021,11,13,143751,X,nn.xa03.top
2021,11,13,141735,67.*.248.11,bit.ly/3kncgL2
2021,11,13,141232,35.*.147.114,hxxps://iii.im/XaHE
2021,11,13,143242,163.*.183.122,ca.nb4k.icu
2021,11,13,144320,52.*.32.83,hxxp://52.231.32.83:8282/login2/5/T
2021,11,13,143751,X,nd.xa03.top
2021,11,13,143751,X,cs.xa03.top
2021,11,13,143751,X,ne.xa03.top
2021,11,13,142743,163.*.183.122,sbc.stl2.icu
2021,11,13,143751,X,cb.xa03.top
2021,11,13,141232,X,ccn.wyx3.cool
2021,11,13,143751,X,ni.xa03.top
2021,11,13,154902,X,es.cnk3.top
2021,11,13,154902,X,as.tw91.top
2021,11,13,154902,X,ae.tw91.top
2021,11,13,154902,X,ey.cnk3.top
2021,11,13,154902,X,xp.o4fh.top
2021,11,13,154902,X,xa.tw91.top
2021,11,13,154902,X,xz.s3rq.top
2021,11,13,154902,27.*.36.25,hxxp://lvnwkuonqo.duckdns.org
2021,11,13,154902,X,am.tw91.top
2021,11,13,154902,X,aa.tw91.top
2021,11,13,152342,84.*.190.206,cn.tek6.biz
2021,11,13,155358,84.*.190.206,cs.tek6.biz
2021,11,13,154902,X,xb.tw91.top
2021,11,13,154902,X,ea.cnk3.top
2021,11,13,154902,X,ex.cnk3.top
2021,11,13,154902,X,xy.tw91.top
2021,11,13,154902,X,ax.tw91.top
2021,11,13,154902,X,an.tw91.top
2021,11,13,154902,X,ac.tw91.top
2021,11,13,154902,X,xe.tw91.top
2021,11,13,155358,163.*.183.122,abv.stl2.icu
2021,11,13,154902,X,ab.tw91.top
2021,11,13,154902,X,xd.s3rq.top
2021,11,13,154902,X,xb.o4fh.top
2021,11,13,154902,X,xz.o4fh.top
2021,11,13,152342,27.*.36.25,hxxp://qrhvjyrxxe.duckdns.org
2021,11,13,162944,27.*.36.25,hxxp://vthkueuotw.duckdns.org
2021,11,13,162944,52.*.32.83,hxxp://52.231.32.83:8282/login2/461/M
2021,11,13,161903,27.*.36.25,hxxp://bzydu.ehvlb.com
2021,11,13,174443,67.*.248.11,hxxps://bit.ly/3F608
2021,11,13,174443,X,eey.dx1wb.biz
2021,11,13,174443,X,aai.dx1wb.biz
2021,11,13,174443,X,aan.dx1wb.biz
2021,11,13,174443,27.*.36.25,hxxp://yehay.ehvlb.com
2021,11,13,174443,84.*.190.206,sm.c8pw.biz
2021,11,13,174443,X,aas.dx1wb.biz
2021,11,13,190937,27.*.36.25,hxxp://vthkueuotw.duckdns.org
2021,11,13,201447,52.*.32.83,hxxp://52.231.32.83:8282/login2/456/M
2021,11,13,210457,X,hxxp://da.daehansm.top
2021,11,13,210457,67.*.248.11,hxxps://bit.ly/2ZWwy6x
2021,11,13,232514,X,an.c8pw.biz
2021,11,13,232514,X,nv.d7wy.biz
2021,11,13,232514,X,cn.d7wy.biz
2021,11,13,232514,X,nbe.gr2j.icu
2021,11,13,232514,X,ar.c8pw.biz
2021,11,13,232514,X,st.c8pw.biz
2021,11,13,232514,X,xr.tek6.biz
2021,11,13,232514,X,iap.dx1wb.biz
2021,11,13,232514,X,na.c8pw.biz
2021,11,13,232514,X,sx.c8pw.biz
2021,11,13,232514,X,ae.c8pw.biz
2021,11,13,232514,X,aai.dx1wb.biz
2021,11,13,232514,X,nb.d7wy.biz
2021,11,14,000516,27.*.36.25,hxxp://zfdor.ehvlb.com
2021,11,14,001016,X,ca.ogyu.Live
2021,11,14,000516,27.*.36.25,hxxp://nzquf.ehvlb.com
2021,11,14,020603,X,cw.tek6.biz
2021,11,14,020603,X,ns.c8pw.biz
2021,11,14,020603,X,ccn.m5ni.biz
2021,11,14,025108,27.*.36.25,hxxp://zfdor.ehvlb.com
2021,11,14,040111,27.*.36.25,hxxp://oimnncrvjx.duckdns.org
2021,11,14,081633,27.*.36.25,hxxp://ptrih.ehvlb.com
2021,11,14,153714,X,oxz.a6ox.site
2021,11,14,153714,X,ne.htk2.site
2021,11,14,151655,67.*.248.10,hxxps://bit.ly/3EOwBk7
2021,11,14,153714,X,nb.htk2.site
2021,11,14,153714,X,sbo.xfl9.site
2021,11,14,153714,X,sbe.xfl9.site
2021,11,14,153714,X,sbn.xfl9.site
2021,11,14,153714,X,ccn.pbyh.site
2021,11,14,153714,X,vbe.pbyh.site
2021,11,14,153203,X,eex.dx1wb.biz
2021,11,14,153714,X,nx.htk2.site
2021,11,14,153714,X,sbs.xfl9.site
2021,11,14,152659,67.*.248.10,hxxp://bit.ly/3BeCmp0
2021,11,14,153714,X,xa.o4fh.top
2021,11,14,153714,X,vby.pbyh.site
2021,11,14,153714,X,cb.htk2.site
2021,11,14,153714,X,ca.htk2.site
2021,11,14,153714,X,xz.o4fh.top
2021,11,14,153714,X,oxn.a6ox.site
2021,11,14,153714,X,ny.htk2.site
2021,11,14,153714,X,sx.htk2.site
2021,11,14,151655,1.*.146.204,hxxps://lrl.kr/I0O
2021,11,14,153203,X,nx.c8pw.biz
2021,11,14,153714,185.*.249.25,aab.dqia.saLe
2021,11,14,153714,X,cco.mmiz.site
2021,11,14,153714,X,aac.xfl9.site
2021,11,14,153203,X,sbn.stl2.icu
2021,11,14,153714,X,na.htk2.site
2021,11,14,153714,X,oxs.a6ox.site
2021,11,14,153714,X,vbs.pbyh.site
2021,11,14,153714,X,nr.htk2.site
2021,11,14,153714,X,oxx.a6ox.site
2021,11,14,153714,X,vxv.a6ox.site
2021,11,14,153714,X,oxb.a6ox.site
2021,11,14,153714,X,cba.mmiz.site
2021,11,14,153714,X,nd.htk2.site
2021,11,14,153714,163.*.183.70,eax.pl8s.xyz
2021,11,14,153714,X,oxe.a6ox.site
2021,11,14,153714,X,vba.pbyh.site
2021,11,14,153714,X,nt.htk2.site
2021,11,14,153714,X,oxr.a6ox.site
2021,11,14,153714,X,vxi.a6ox.site
2021,11,14,151655,27.*.36.25,hxxp://tydig.ehvlb.com
2021,11,14,153714,X,oxc.a6ox.site
2021,11,14,153714,X,vbo.pbyh.site
2021,11,14,153714,X,aey.stl2.icu
2021,11,14,153714,X,sbi.xfl9.site
2021,11,14,153714,X,cbp.mmiz.site
2021,11,14,153714,X,cbm.pbyh.site
2021,11,14,153714,X,sbr.xfl9.site
2021,11,14,153714,X,cv.htk2.site
2021,11,14,153714,X,oxa.a6ox.site
2021,11,14,155215,67.*.248.11,bit.ly/3BeCmp0
2021,11,14,153714,X,ccb.mmiz.site
2021,11,14,153714,X,cby.mmiz.site
2021,11,14,153714,X,aad.xfl9.site
2021,11,14,153714,X,nno.gr2j.icu
2021,11,14,153714,X,ae.e5nt.Live
2021,11,14,153714,X,sbx.stl2.icu
2021,11,14,160224,52.*.32.83,hxxp://52.231.32.83:8282/login2/113/M
2021,11,14,160732,52.*.32.83,hxxp://52.231.32.83:8282/login2/461/M
2021,11,14,161739,103.*.228.60,kb.directss.pro
2021,11,14,175755,45.*.162.19,eac.pl8s.xyz
2021,11,14,175755,X,sxo.m5ni.biz
2021,11,14,175755,45.*.162.22,abc.q2rm.cLub
2021,11,14,175755,X,ccm.mmiz.site
2021,11,14,203804,52.*.32.83,hxxp://52.231.32.83:8282/login2/456/M
2021,11,14,203804,1.*.146.204,hxxps://lrl.kr/co4N
2021,11,15,000828,X,abv.q2rm.cLub
2021,11,15,001331,X,aay.xfl9.site
2021,11,15,001331,X,hxxp://ws.daehansm.top
2021,11,15,001331,X,nnr.gr2j.icu
2021,11,15,001331,104.*.138.65,tINYuRL.com/y23hjqpk
2021,11,15,002339,X,xe.s3rq.top
2021,11,15,002339,X,xp.o4fh.top
2021,11,15,003848,1.*.146.204,hxxps://lrl.kr/dE7z
2021,11,15,003848,27.*.36.25,hxxp://oanooaazzz.duckdns.org
2021,11,15,001838,67.*.248.10,hxxps://bit.ly/3dBgxY9
2021,11,15,002842,67.*.248.10,hxxps://bit.ly/3wwwoiR
2021,11,15,002339,X,sxo.m5ni.biz
2021,11,15,001331,27.*.36.25,hxxp://qrfpzikmpz.duckdns.org
2021,11,15,063411,X,yom.ojzg.xyz
2021,11,15,070419,X,ny.d7wy.biz
2021,11,15,070419,1.*.146.204,hxxps://lrl.kr/co12
2021,11,15,082940,67.*.248.11,hxxp://bit.ly/3vUlVwZ
2021,11,15,092449,27.*.36.25,hxxp://qlremazsar.duckdns.org
2021,11,15,094453,1.*.146.204,hxxps://lrl.kr/I0O
2021,11,15,103510,35.*.147.114,hxxps://iii.im/i9vS
2021,11,15,103510,52.*.32.83,hxxp://52.231.32.83:8282/login2/5/T
2021,11,15,115021,114.*.211.21,hxxp://114.43.211.21
2021,11,15,134032,1.*.146.204,hxxps://lrl.kr/dE7z
2021,11,15,135533,52.*.32.83,hxxp://52.231.32.83:8282/login2/113/M
2021,11,15,135533,1.*.146.204,hxxps://lrl.kr/dE7z
2021,11,15,140041,120.*.21.21,hxxp://nhsavingbankis.com/
2021,11,15,143049,120.*.21.21,hxxp://nhsavingbankis.com/
2021,11,15,155121,X,cce.daz7.cLub
2021,11,15,155121,X,vxu.a6ox.site
2021,11,15,155121,27.*.36.25,hxxp://qrhvjyrxxe.duckdns.org
2021,11,15,155121,X,xo.o4fh.top
2021,11,15,155121,X,ccn.mmiz.site
2021,11,15,155121,X,cny.yw2t.cLub
2021,11,15,155121,X,nbx.eujd.cLub
2021,11,15,152621,27.*.36.25,hxxp://oimnncrvjx.duckdns.org
2021,11,15,155121,X,caa.yw2t.cLub
2021,11,15,155121,X,cce.mmiz.site
2021,11,15,155121,X,cbr.mmiz.site
2021,11,15,152115,67.*.248.11,bit.ly/3kncgL2
2021,11,15,155121,X,hxxp://sgizrwjtsm.duckdns.org
2021,11,15,155121,X,oxx.a6ox.site
2021,11,15,150553,114.*.211.21,hxxp://114.43.211.21
2021,11,15,161144,52.*.32.83,hxxp://52.231.32.83:8282/login2/5/M
2021,11,15,162131,27.*.36.25,hxxp://zsxnr.ehvlb.com
2021,11,15,164130,27.*.36.25,hxxp://abvus.mkcsq.com
2021,11,15,164631,27.*.36.25,hxxp://ayvar.mkcsq.com
2021,11,15,165636,27.*.36.25,hxxp://ndkrnepuko.duckdns.org
2021,11,15,161144,27.*.36.25,hxxp://ffjzw.kcdew.com
2021,11,15,161144,1.*.146.204,hxxps://lrl.kr/dE7z
2021,11,15,174652,X,hxxp://nhsavings.com
2021,11,15,173645,27.*.36.25,hxxp://omlpz.kcdew.com
2021,11,15,173144,27.*.36.25,hxxp://spzyc.mkcsq.com
2021,11,15,170706,27.*.36.25,hxxp://zlxcu.mkcsq.com
2021,11,15,190700,183.*.199.230,hxxp://t2m.kr/oVST6
2021,11,15,190157,27.*.36.25,hxxp://mtabdonxpb.duckdns.org
2021,11,15,190157,52.*.32.83,hxxp://52.231.32.83:8282/login2/147/R
2021,11,15,204730,52.*.32.83,hxxp://52.231.32.83:8282/login2/456/M
2021,11,15,204730,1.*.146.204,hxxps://lrl.kr/818
2021,11,15,204202,67.*.248.11,hxxp://bit.ly/3odlOJw
2021,11,15,204730,67.*.248.11,bit.ly/2ZYRqLb
2021,11,15,234210,67.*.248.10,hxxps://bit.ly/2PLLPhR?cg
2021,11,16,014726,27.*.36.25,hxxp://ydoul.mkcsq.com
2021,11,16,042238,27.*.36.25,hxxp://tdutdnlvud.duckdns.org
2021,11,16,042742,27.*.36.25,hxxp://omlpz.kcdew.com
2021,11,16,075316,27.*.36.25,hxxp://vnidpkdmsb.duckdns.org
2021,11,16,092830,115.*.48.31,hxxps://me2.kr/ypkob
2021,11,16,091320,52.*.32.83,hxxp://52.231.32.83:8282/login2/456/M
2021,11,16,102333,1.*.146.204,hxxps://lrl.kr/I3U
2021,11,16,114850,1.*.146.204,hxxps://lrl.kr/84Z
2021,11,16,151945,27.*.36.25,hxxp://kbali.mjtrt.com
2021,11,16,151443,X,cck.m5ni.biz
2021,11,16,164450,27.*.36.25,hxxp://vmwbo.mkcsq.com
2021,11,16,162949,1.*.146.204,hxxps://lrl.kr/dE7z
2021,11,16,174955,67.*.248.10,hxxps://bit.ly/3kmSZJH
2021,11,16,173453,27.*.36.25,hxxp://wexdu.ehvlb.com
2021,11,16,182006,91.*.227.115,hxxp://sereftfskx.duckdns.org
2021,11,16,212515,1.*.146.204,hxxps://lrl.kr/dFbP
2021,11,16,214017,27.*.36.25,hxxp://qjgyopehxm.duckdns.org
2021,11,16,214018,27.*.36.25,hxxp://kmeobpvtzj.duckdns.org
2021,11,16,232525,1.*.146.204,hxxps://lrl.kr/co4N
2021,11,16,235528,1.*.146.204,hxxps://lrl.kr/I5M
2021,11,17,000030,151.*.1.195,hxxps://donate.do/JNbV
2021,11,17,000030,115.*.48.31,hxxps://me2.kr/xoqhx
2021,11,17,000030,112.*.184.12,hxxp://solt.pw/ZTg2Mjg
2021,11,17,000030,27.*.36.25,hxxp://djnxc.kcdew.com
2021,11,17,043638,67.*.248.11,hxxps://bit.ly/3kmSZJH
2021,11,17,043638,1.*.146.204,hxxps://lrl.kr/bY3q
2021,11,17,044146,27.*.36.25,hxxp://rhqjqzyaki.duckdns.org
2021,11,17,070714,27.*.36.25,hxxp://qqpqdcbobp.duckdns.org
2021,11,17,071216,27.*.36.25,hxxp://tfmlnoammy.duckdns.org
2021,11,17,090725,1.*.146.204,hxxps://lrl.kr/dFbP
2021,11,17,105739,154.*.154.98,hxxp://154.214.154.98/ubsRgk15
2021,11,17,121308,27.*.36.25,hxxp://yehay.ehvlb.com
2021,11,17,141315,164.*.199.121,hxxp://164.88.199.121/kjlsdhwe/
2021,11,17,151823,X,xe.o4fh.top
2021,11,17,151823,27.*.36.25,hxxp://evtyj.zaqre.com
2021,11,17,152324,X,ser.xoek.run
2021,11,17,165901,X,hxxp://cxn.d2om.icu
2021,11,17,165901,27.*.36.25,hxxp://gvnzx.ehvlb.com
2021,11,17,165901,X,hxxp://aay.xfl9.site
2021,11,17,165901,1.*.146.204,hxxps://lrl.kr/I0O
2021,11,17,165901,X,hxxp://sbr.xfl9.site
2021,11,17,183927,172.*.1.225,hxxp://tinyurl.com/yzwafbj3
2021,11,17,183927,104.*.44.181,hxxp://shorturl.at/ekxS0
2021,11,17,225458,115.*.48.31,me2.kr/6q459
2021,11,17,220953,X,no.d7wy.biz
2021,11,17,220953,X,ice.dx1wb.biz
2021,11,17,235017,1.*.146.204,hxxps://lrl.kr/dfcS
2021,11,18,022552,115.*.48.31,me2.kr/6q459
2021,11,18,022552,1.*.146.204,hxxps://lrl.kr/I5M
2021,11,18,140845,1.*.146.204,hxxps://lrl.kr/I70
2021,11,18,154918,X,aab.dqia.saLe
2021,11,18,154918,X,nzs.egmw.sale
2021,11,18,150907,27.*.36.25,hxxp://rrjpz.nwrtz.com
2021,11,18,154918,27.*.36.25,hxxp://tfwch.nwrtz.com
2021,11,18,154411,67.*.248.10,hxxps://bit.ly/2BpUN0T
2021,11,18,154918,67.*.248.10,hxxps://bit.ly/3oOOTwO
2021,11,18,183012,X,hxxp://abv.stl2.icu
2021,11,18,184517,67.*.248.10,hxxps://bit.ly/3bNhR8Q
2021,11,18,191529,X,hxxp://nxb.pmfn.xyz
2021,11,18,234324,67.*.248.10,bit.ly/3n2KzZP
2021,11,19,072752,67.*.248.10,hxxp://bit.ly/3jSTV8q
2021,11,19,122451,183.*.199.230,hxxp://t2m.kr/uy8g3
2021,11,19,131004,1.*.146.204,hxxps://lrl.kr/d5gQ
2021,11,19,184201,1.*.146.204,hxxps://lrl.kr/dFbZ
2021,11,19,184701,X,aa.tw91.top
2021,11,19,184201,183.*.199.230,t2m.kr/8CMD1
2021,11,19,181153,27.*.36.25,hxxp://pscme.nwrtz.com
2021,11,19,184201,67.*.248.10,hxxps://bit.ly/3nxCID
2021,11,19,184201,27.*.36.25,hxxp://lpofr.pzyrp.com
2021,11,19,184201,104.*.44.181,hxxp://shorturl.at/rsvG2
2021,11,19,190703,X,cct.daz7.cLub
2021,11,19,190703,67.*.248.10,hxxps://bit.ly/3mZfXbo
2021,11,19,191206,67.*.248.11,hxxps://bit.ly/3EOwBk7
2021,11,19,190703,X,sno.stl2.icu
2021,11,19,210711,27.*.36.25,hxxp://scmqb.nwrtz.com
2021,11,19,221715,X,xxe.tm3s.love
2021,11,19,221715,1.*.146.204,hxxps://lrl.kr/JbC
2021,11,19,224720,67.*.248.10,hxxp://bit.ly/3w0ZNBv
2021,11,19,221715,67.*.248.11,hxxps://bit.ly/3mZfXbo
2021,11,19,230221,67.*.248.10,hxxps://bit.ly/3CUbNr4
2021,11,20,001726,X,aa.tw91.top
2021,11,20,031730,1.*.146.204,hxxps://lrl.kr/dffy
2021,11,20,085745,X,hxxp://mb.daehansm.top
2021,11,20,145752,84.*.190.100,ar.zjn9.work
2021,11,20,150254,27.*.36.25,hxxp://qbananzzyx.duckdns.org
2021,11,20,162258,104.*.44.181,hxxp://shorturl.at/fkuGY
2021,11,20,173310,172.*.1.225,hxxp://tinyurl.com/yfm7wgyd
2021,11,20,173310,84.*.190.77,ccb.i9dd.ink
2021,11,20,173310,104.*.44.181,hxxp://shorturl.at/nuP37
2021,11,20,185319,67.*.248.11,hxxps://bit.ly/2ZWwy6x
2021,11,20,193847,X,cby.iers.work
2021,11,20,193847,X,cbr.iers.work
2021,11,20,193847,X,cbn.iers.work
2021,11,20,193847,84.*.190.77,bm.svnp.ink
2021,11,20,193847,X,cbs.iers.work
2021,11,20,193847,X,cbo.iers.work
2021,11,20,193847,X,cbi.iers.work
2021,11,20,193847,X,cba.iers.work
2021,11,20,193847,X,cbe.iers.work
2021,11,20,193847,X,cbp.iers.work
2021,11,20,233833,X,ccy.esx6.ink
2021,11,20,233833,X,sic.esx6.ink
2021,11,20,233833,X,ccm.i9dd.ink
2021,11,20,233833,X,sen.j7mt.ink
2021,11,20,233833,X,cbp.iers.work
2021,11,20,233833,X,scn.esx6.ink
2021,11,20,233833,X,nnx.i9dd.ink
2021,11,21,015845,104.*.44.46,hxxp://dc.spellmanj.top/
2021,11,21,015845,1.*.146.204,hxxps://lrl.kr/cpfN
2021,11,21,020349,X,ssn.kckd.pLus
2021,11,21,033352,X,cbi.iers.work
2021,11,21,074857,X,yel.j7mt.ink
2021,11,21,090401,X,cbp.iers.work
2021,11,21,090401,X,bx.svnp.ink
2021,11,21,090401,X,hxxp://gn.cjthemda.cn
2021,11,21,090401,X,ba.svnp.ink
2021,11,21,110907,172.*.184.199,bs.cjthemar.com
2021,11,21,112915,X,cbo.iers.work
2021,11,21,112915,X,cco.i9dd.ink
2021,11,21,112915,X,cba.iers.work
2021,11,21,115911,27.*.36.25,hxxp://orpobamyxx.duckdns.org
2021,11,21,112915,X,cb.svnp.ink
2021,11,21,112915,84.*.190.105,aar.kun9.live
2021,11,21,124417,1.*.146.204,hxxps://lrl.kr/cpfN
2021,11,21,124417,104.*.76.4,ds.cjthemar.com
2021,11,21,124417,172.*.202.100,hxxp://shorturl.at/syNV3
2021,11,21,124417,172.*.184.199,bs.cjthemar.com
2021,11,21,120412,84.*.190.105,aab.kun9.live
2021,11,21,120913,X,cn.svnp.ink
2021,11,21,151931,X,cm.svnp.ink
2021,11,21,153435,X,by.svnp.ink
2021,11,21,153435,185.*.144.43,cm.tleu.tech
2021,11,21,151931,X,by.svnp.ink
2021,11,21,151931,X,nxr.kun9.live
2021,11,21,151931,84.*.190.109,ab.dsrq.space
2021,11,21,151931,X,bn.svnp.ink
2021,11,21,151931,X,bs.svnp.ink
2021,11,21,151931,X,xba.yfhL.Live
2021,11,21,151931,X,cne.gzrw.live
2021,11,21,153435,X,cne.gzrw.live
2021,11,21,151931,X,bo.svnp.ink
2021,11,21,152429,X,cm.xa03.top
2021,11,21,151931,X,cr.svnp.ink
2021,11,21,153435,1.*.146.204,hxxps://lrl.kr/co4P
2021,11,21,151931,X,cbi.gzrw.live
2021,11,21,151931,172.*.184.199,gd.cjthemar.com
2021,11,21,153435,X,bai.hs0r.live
2021,11,21,151931,X,cni.gzrw.live
2021,11,21,153435,X,cr.svnp.ink
2021,11,21,151931,X,ce.svnp.ink
2021,11,21,151931,X,bai.hs0r.live
2021,11,21,151931,X,bm.svnp.ink
2021,11,21,151931,X,cnb.gzrw.live
2021,11,21,151931,X,cyi.gzrw.live
2021,11,21,151931,185.*.144.43,av.in8k.tech
2021,11,21,151931,X,cv.svnp.ink
2021,11,21,153435,X,cm.svnp.ink
2021,11,21,151931,X,bxr.hs0r.live
2021,11,21,153435,X,nxr.kun9.live
2021,11,21,161938,X,cs.svnp.ink
2021,11,21,164437,185.*.144.43,cy.q6bv.tech
2021,11,21,161938,185.*.144.43,cw.tleu.tech
2021,11,21,173939,X,bcn.hs0r.live
2021,11,21,173939,X,aam.kun9.live
2021,11,21,191442,X,sbe.xfl9.site
2021,11,21,191442,185.*.144.43,yw.in8k.tech
2021,11,21,191442,X,cca.esx6.ink
2021,11,22,004953,1.*.146.204,hxxps://lrl.kr/dFbZ
2021,11,22,004953,172.*.184.199,ds.cjthemar.com
2021,11,22,004953,X,an.tr6v.tech
2021,11,22,004953,X,cbx.ps6b.design
2021,11,22,043502,X,cc.tr6v.tech
2021,11,22,043502,X,cbr.yfhL.Live
2021,11,22,043502,X,yb.in8k.tech
2021,11,22,043502,X,aw.tr6v.tech
2021,11,22,043502,X,ae.in8k.tech
2021,11,22,043502,X,cy.svnp.ink
2021,11,22,043502,X,cb.tr6v.tech
2021,11,22,043502,X,six.esx6.ink
2021,11,22,043502,X,cn.tr6v.tech
2021,11,22,043502,X,ab.tr6v.tech
2021,11,22,043503,X,ay.tr6v.tech
2021,11,22,111514,X,cbn.iers.work
2021,11,22,111514,X,cbr.yfhL.Live
2021,11,22,111514,X,cn.tr6v.tech
2021,11,22,111514,X,xnc.yfhL.Live
2021,11,22,111514,X,ab.in8k.tech
2021,11,22,111514,X,yb.in8k.tech
2021,11,22,111514,X,ae.in8k.tech
2021,11,22,111514,104.*.76.4,gd.cjthemar.com
2021,11,22,111514,X,snn.j7mt.ink
2021,11,22,142017,X,cc.tr6v.tech
2021,11,22,142017,X,xa.qpsw.run
2021,11,22,142017,X,aa.in8k.tech
2021,11,22,153523,104.*.70.199,hxxp://nhsavingvs.com/
2021,11,22,152021,104.*.44.181,hxxp://shorturl.at/bqtS7
2021,11,22,164032,X,xbn.yfhL.Live
2021,11,22,174534,104.*.70.199,hxxp://nhsavingvs.com/
2021,11,22,175035,X,nxa.kun9.live
2021,11,23,002544,X,ynn.j7mt.ink
2021,11,23,002544,172.*.184.199,ds.cjthemar.com
2021,11,23,002544,172.*.196.251,km.ppuriosms.com
2021,11,23,003553,104.*.70.199,hxxp://nhsavingvs.com/
2021,11,23,003553,X,hxxp://nhsavings.com
2021,11,23,002544,104.*.36.163,ws.ppuriosms.com
2021,11,23,002544,104.*.76.4,gd.cjthemar.com
2021,11,23,002544,X,cm.tleu.tech
2021,11,23,050602,X,nbo.tsow.asia
2021,11,23,155617,104.*.36.163,km.ppuriosms.com
2021,11,23,155617,X,aesx.jfur.pink
2021,11,23,153613,115.*.219.60,hxxp://gen.kr/IIEcH
2021,11,23,155617,67.*.248.10,bit.ly/3CaW8mB
2021,11,23,155617,1.*.146.204,hxxps://lrl.kr/d5gQ
2021,11,23,155617,X,cm.tr6v.tech
2021,11,23,155617,X,cm.tleu.tech
2021,11,23,155617,X,ynn.j7mt.ink
2021,11,23,155617,27.*.36.25,hxxp://djnxc.kcdew.com
2021,11,23,155617,104.*.76.4,gd.cjthemar.com
2021,11,23,155617,X,na.wblt.club
2021,11,23,155617,X,xbn.yfhL.Live
2021,11,23,155617,X,cbi.iers.work
2021,11,23,155617,35.*.170.159,t9y.me/fpSq
2021,11,23,155617,X,ar.tr6v.tech
2021,11,23,155617,X,nxa.kun9.live
2021,11,23,155617,X,scb.esx6.ink
2021,11,23,155617,115.*.219.60,hxxp://gen.kr/MMswu
2021,11,23,185631,67.*.248.10,hxxps://bit.ly/3DiPA5G
2021,11,23,184624,115.*.219.60,hxxp://gen.kr/T5WMj
2021,11,23,185129,104.*.62.208,hxxp://nhsavingvis.com
2021,11,23,184624,183.*.199.230,hxxp://t2m.kr/eo7Lf
2021,11,23,185129,1.*.146.204,hxxps://lrl.kr/IYr
2021,11,23,190132,X,cc.tr6v.tech
2021,11,23,201635,X,mb.daehansm.top
2021,11,23,225642,X,hxxp://nhsavingvs.com/
2021,11,23,220638,172.*.139.65,hxxp://nhsavingvis.com/
2021,11,24,015154,104.*.62.208,hxxp://nhsavingvis.com/
2021,11,24,015657,115.*.219.60,hxxp://gen.kr/qyLDL
2021,11,24,150711,172.*.143.171,bo.cjthemarpo.com
2021,11,24,154215,67.*.248.10,hxxp://bit.ly/3BeCmp0
2021,11,24,150711,104.*.27.234,ws.cjthemarpo.com
2021,11,24,172220,X,hxxp://ccd.i9dd.ink
2021,11,24,172220,X,hxxp://aan.kun9.live
2021,11,24,172220,X,hxxp://xbn.yfhL.Live
2021,11,24,172220,X,hxxp://yb.q6bv.tech
2021,11,24,172220,X,hxxp://abe.famk.live
2021,11,24,181727,X,hxxp://sb.dxyh.work
2021,11,24,195730,103.*.229.185,hxxp://km.ppuriosms.com
2021,11,24,200231,115.*.219.60,hxxp://gen.kr/T5WMj
2021,11,24,204738,67.*.248.10,hxxp://bit.ly/3jtsbab
2021,11,24,203237,52.*.200.121,hxxps://click.gl/pDn078
2021,11,24,200734,104.*.25.107,hxxps://soo.gd/K4vA
2021,11,24,212743,172.*.139.65,hxxp://nhsavingvis.com/
2021,11,24,211741,172.*.1.225,hxxp://tinyurl.com/y6gxvygm
2021,11,24,213245,172.*.139.65,hxxp://nhsavingvis.com
2021,11,24,212743,X,cs.xkha.press
2021,11,24,233310,115.*.219.60,hxxp://gen.kr/T5WMj
2021,11,24,230805,X,cbo.iers.work
2021,11,24,233310,13.*.222.207,hxxp://orl.kr/YB
2021,11,24,230256,X,hxxp://nhsavingvs.com/
2021,11,24,232307,104.*.62.208,hxxp://nhsavingvis.com
2021,11,25,073829,183.*.199.230,hxxp://t2m.kr/F2MiE
2021,11,25,073829,172.*.139.65,hxxp://nhsavingvis.com
2021,11,25,074332,183.*.199.230,hxxp://t2m.kr/guQj8
2021,11,25,073829,67.*.248.11,hxxps://bit.ly/3F608WM
2021,11,25,130343,172.*.143.171,ws.cjthemarpo.com
2021,11,25,154348,X,hxxp://nsuh3.xyz/?hvklqz
2021,11,25,154856,13.*.222.207,hxxp://orl.kr/XB
2021,11,25,154856,183.*.199.230,hxxp://t2m.kr/6jf98
2021,11,25,154856,115.*.219.60,hxxp://gen.kr/oFKNi
2021,11,25,154348,X,cb.uqtn.pLus
2021,11,25,154348,183.*.199.230,hxxp://t2m.kr/beFaz
2021,11,25,154856,X,ex.e5nt.Live
2021,11,25,154348,67.*.248.11,hxxps://bit.ly/3ahK7ym?henutf
2021,11,25,173906,115.*.219.60,hxxp://gen.kr/IIEcH
2021,11,25,173906,3.*.146.231,hxxps://click.gl/pDn078
2021,11,25,174415,104.*.27.234,bo.cjthemarpo.com
2021,11,25,173906,183.*.199.230,hxxp://t2m.kr/l9g7G
2021,11,25,183917,183.*.199.230,hxxp://t2m.kr/QmxGT
2021,11,25,185418,183.*.199.230,hxxp://t2m.kr/h9ZHz
2021,11,25,192420,183.*.199.230,hxxp://t2m.kr/0tDfR
2021,11,25,200923,67.*.248.10,bit.ly/2xDwzyo?mm
2021,11,25,200923,X,ce.mpwx.Live
2021,11,25,200923,114.*.210.90,hxxp://114.43.210.90
2021,11,25,200923,114.*.207.235,hxxp://114.43.207.235
2021,11,25,225432,52.*.199.106,orl.kr/fB
2021,11,26,000941,X,hxxp://nhsavingvis.com
2021,11,26,043952,27.*.36.25,hxxp://soihl.ehvlb.com
2021,11,26,044454,172.*.159.48,itsssl.com/UyrPq
2021,11,26,042951,3.*.160.107,hxxp://orl.kr/dB
2021,11,26,044454,X,hxxp://nhsavingvis.com
2021,11,26,073501,183.*.199.230,hxxp://t2m.kr/dSQM3
2021,11,26,125511,67.*.248.11,hxxp://bit.ly/3BHMqrd
2021,11,26,125511,X,hxxp://ws.nicesmm.top
2021,11,26,144516,172.*.207.232,ws.coupangl.com
2021,11,26,144516,104.*.27.234,bo.cjthemarpo.com
2021,11,26,144516,104.*.15.221,go.coupangl.com
2021,11,26,155031,X,coupangl.com
2021,11,26,154523,183.*.199.230,hxxp://t2m.kr/F2MiE
2021,11,26,154523,104.*.15.221,go.coupangl.com
2021,11,26,154523,1.*.146.204,hxxps://lrl.kr/dfcS
2021,11,26,154523,13.*.222.207,hxxp://orl.kr/bB
2021,11,26,170034,183.*.199.230,hxxp://t2m.kr/FW5WE
2021,11,26,170034,X,hxxp://nhsavingvis.com
2021,11,26,170034,X,hxxp://nhsavingvis.com/
2021,11,26,170034,115.*.219.60,hxxp://gen.kr/oFKNi
2021,11,26,180043,183.*.199.230,hxxp://t2m.kr/guQj8
2021,11,26,180043,52.*.199.106,hxxp://orl.kr/eB
2021,11,26,181548,183.*.199.230,hxxp://t2m.kr/FW5WE
2021,11,26,182049,3.*.218.73,hxxp://orl.kr/bB
2021,11,26,211054,172.*.202.100,hxxp://shorturl.at/avyCJ
2021,11,26,211054,183.*.199.230,hxxp://t2m.kr/FW5WE
2021,11,26,225605,93.*.41.128,afly.co/rtm6
2021,11,26,225605,183.*.199.230,hxxp://t2m.kr/gsIEa
2021,11,27,000109,120.*.21.21,hxxp://nhsavingbankis.com/
2021,11,27,011612,183.*.199.230,hxxp://t2m.kr/lh5XT
2021,11,27,011612,67.*.248.11,hxxp://bit.ly/3n2KzZP
2021,11,27,021115,183.*.199.230,hxxp://t2m.kr/Q10mq
2021,11,27,025117,X,hxxp://nhsavingvis.com
2021,11,27,050623,183.*.199.230,hxxp://t2m.kr/OfDBc
2021,11,27,050623,X,hxxp://nhsavingvs.com/
2021,11,27,050623,104.*.58.2,hxxps://blu.vn/uyrgjde
2021,11,27,072128,104.*.43.54,hxxp://nhsavingik.com/
2021,11,27,072630,183.*.199.230,hxxp://t2m.kr/HmIbW
2021,11,27,112155,45.*.10.54,av.nhjx.fit
2021,11,27,110636,45.*.10.54,xr.xtxi.fit
2021,11,27,111643,103.*.229.220,bs.cjthemar.com
2021,11,27,111643,172.*.149.175,mb.nicesms.net
2021,11,27,112155,183.*.199.230,hxxp://t2m.kr/ucn8P
2021,11,27,112155,3.*.160.107,hxxps://orl.kr/jB
2021,11,27,111643,104.*.39.230,vd.nicesms.net
2021,11,27,111643,45.*.10.54,na.cuo3.fit
2021,11,27,112155,115.*.48.31,hxxps://me2.kr/xoqhx
2021,11,27,111643,104.*.53.88,mo.galleggfm.com
2021,11,27,134700,67.*.248.11,hxxps://bit.ly/3C72CCX
2021,11,27,134700,115.*.48.31,hxxp://asq.kr/f4Ju6aDRh9yB5
2021,11,27,134700,45.*.10.55,cny.w3t3.co
2021,11,27,134700,103.*.228.137,hxxp://er.halfsmsd.pro
2021,11,27,153734,X,xb.cwot.fit
2021,11,27,153734,X,cb.cuo3.fit
2021,11,27,153734,X,cc.nhjx.fit
2021,11,27,153734,X,xs.cwot.fit
2021,11,27,153734,X,xy.cwot.fit
2021,11,27,153734,45.*.10.55,exi.w3t3.co
2021,11,27,153734,X,nd.cuo3.fit
2021,11,27,153734,X,ni.cuo3.fit
2021,11,27,153734,X,cy.nhjx.fit
2021,11,27,153734,X,ns.cuo3.fit
2021,11,27,153734,X,xm.nhjx.fit
2021,11,27,153205,104.*.39.230,ws.nicesms.net
2021,11,27,153734,45.*.10.54,oa.ohfv.fit
2021,11,27,153734,X,xf.cwot.fit
2021,11,27,153734,X,cr.cuo3.fit
2021,11,27,164217,45.*.11.58,xm.k1Lh.vin
2021,11,27,174221,104.*.53.88,mo.galleggfm.com
2021,11,27,174221,45.*.10.55,cey.gn7k.co
2021,11,27,174221,183.*.199.230,hxxp://t2m.kr/gsIEa
2021,11,27,225233,X,hxxp://nhsavingvs.com/
2021,11,27,225233,X,hxxp://nhsavingvis.com/
2021,11,27,225233,X,hxxp://nhsavingvis.com
2021,11,27,231246,X,nc.nhjx.fit
2021,11,27,231246,45.*.11.58,ooa.sjgq.vin
2021,11,27,231246,67.*.248.11,hxxps://bit.ly/2YhoM6T
2021,11,27,231246,172.*.196.233,ws.munjadkm.net
2021,11,27,231246,61.*.144.84,hxxp://j4.cc/iohF
2021,11,27,231246,X,yec.gn7k.co
2021,11,28,001753,X,cny.gn7k.co
2021,11,28,001753,45.*.11.63,xeb.kub3.saLe
2021,11,28,001753,X,nc.nhjx.fit
2021,11,28,001753,X,yec.gn7k.co
2021,11,28,075800,45.*.11.63,xcc.kub3.saLe
2021,11,28,082313,X,mbac.usow.cash
2021,11,28,082313,X,sr.nb4k.icu
2021,11,28,080309,183.*.199.230,hxxp://t2m.kr/jK5rH
2021,11,28,091817,104.*.52.78,vb.munjadkm.net
2021,11,28,091817,45.*.11.63,sen.kub3.saLe
2021,11,28,133831,104.*.52.78,ws.munjadkm.net
2021,11,28,131823,104.*.13.101,hxxp://kk.cjlogiscs.com
2021,11,28,133831,172.*.199.210,op.cjlogiscs.com
2021,11,28,131823,172.*.199.210,hxxp://op.cjlogiscs.com
2021,11,28,134333,X,hxxp://nhsavingvis.com
2021,11,28,134333,45.*.162.22,ca.esnc.tech
2021,11,28,133831,1.*.146.204,hxxps://lrl.kr/JmF
2021,11,28,133831,115.*.48.31,hxxps://me2.kr/ltadr
2021,11,28,133831,X,ae.ohfv.fit
2021,11,28,155839,45.*.162.22,cnx.lma6.tech
2021,11,28,174344,X,xy.xtxi.fit
2021,11,28,174344,X,cer.w3t3.co
2021,11,28,175350,183.*.199.230,hxxp://t2m.kr/4HsXC
2021,11,28,175350,172.*.196.75,hxxps://blu.vn/15ob
2021,11,28,184854,67.*.248.11,hxxp://bit.ly/3lfxpHg
2021,11,28,180352,X,hxxp://nhsavingvis.com/
2021,11,28,194859,84.*.190.23,nnb.otsd.run
2021,11,28,194859,45.*.162.22,aar.esnc.tech
2021,11,28,201903,45.*.162.22,aay.esnc.tech
2021,11,28,201903,84.*.190.23,ab.otsd.run
2021,11,28,210408,45.*.162.22,aay.esnc.tech
2021,11,28,210408,84.*.190.23,abo.vdus.run
2021,11,28,223424,X,hxxp://nhsavingvis.com
2021,11,28,223424,84.*.190.23,aay.egbe.run
2021,11,28,223424,X,hxxp://nhsavingvis.com/
2021,11,28,230417,X,ci.j3tg.co
2021,11,28,230417,X,aan.f0hj.co
2021,11,28,230417,183.*.199.230,hxxp://t2m.kr/OfDBc
2021,11,28,230417,X,cer.w3t3.co
2021,11,28,230417,172.*.196.75,hxxps://blu.vn/15ob
2021,11,28,230417,X,exp.w3t3.co
2021,11,28,230417,X,cny.gn7k.co
2021,11,28,230417,X,cey.w3t3.co
2021,11,28,230417,X,nr.drp5.co
2021,11,29,000435,84.*.190.23,xxn.qis4.run
2021,11,29,000435,172.*.220.192,hxxp://nhsavingik.com/
2021,11,29,000435,172.*.220.192,hxxp://nhsavingik.com/
2021,11,29,000435,84.*.190.23,anc.zq7t.run
2021,11,29,012442,84.*.190.23,xxb.qis4.run
2021,11,29,020441,172.*.221.250,ko.seopyou.com
2021,11,29,020441,104.*.13.101,op.cjlogiscs.com
2021,11,29,050447,X,nb.cuo3.fit
2021,11,29,050447,X,cco.mmiz.site
2021,11,29,050447,84.*.190.23,ssc.t9fd.run
2021,11,29,050447,104.*.52.78,ws.munjadkm.net
2021,11,29,050447,X,aab.esnc.tech
2021,11,29,070953,X,hxxp://nhsavingvis.com
2021,11,29,093958,13.*.196.65,hxxps://c11.kr/u7yl
2021,11,29,093958,104.*.52.24,ws.bizemfosm.com
2021,11,29,113002,114.*.208.12,hxxp://114.43.208.12
2021,11,29,110501,103.*.229.184,hxxp://op.cjlogiscs.com
2021,11,29,144512,X,hxxp://ccy.sjgq.vin
2021,11,29,141507,103.*.229.184,hxxp://op.cjlogiscs.com
2021,11,29,142008,172.*.194.79,ws.bizemfosm.com
2021,11,29,142510,115.*.48.31,hxxps://me2.kr/ltadr
2021,11,29,144512,183.*.199.230,hxxp://t2m.kr/Q10mq
2021,11,29,144512,61.*.35.80,hxxp://itfevs4.zqkio.me
2021,11,29,141006,183.*.199.230,hxxp://t2m.kr/Q12fh
2021,11,29,144512,172.*.196.75,hxxps://blu.vn/krdvf
2021,11,29,150031,X,anr.vdus.run
2021,11,29,150031,X,ws.nicesms.net
2021,11,29,150031,X,nna.qis4.run
2021,11,29,150031,X,cbc.w3t3.co
2021,11,29,150031,X,aab.jl9t.run
2021,11,29,150031,X,cc.ohfv.fit
2021,11,29,150031,X,km.ppuriosms.com
2021,11,29,150031,X,ssc.t9fd.run
2021,11,29,150031,X,xr.xtxi.fit
2021,11,29,150031,X,wm.nicesms.net
2021,11,29,150031,X,cey.w3t3.co
2021,11,29,150031,X,yxa.egbe.run
2021,11,29,150031,X,nn.nhjx.fit
2021,11,29,150031,67.*.248.11,hxxp://bit.ly/3pGUYvR
2021,11,29,172527,172.*.196.75,hxxps://blu.vn/hjrefg
2021,11,29,172527,183.*.199.230,hxxp://t2m.kr/wuQHJ
2021,11,29,172527,X,hxxp://eep.w3t3.co
2021,11,29,181539,X,an.otsd.run
2021,11,29,181539,X,xxy.t9fd.run
2021,11,29,180033,118.*.88.81,hxxp://thjdffgse.wuwic.me
2021,11,29,181539,X,anc.zq7t.run
2021,11,29,180033,183.*.199.230,hxxp://t2m.kr/lh5XT
2021,11,29,185542,13.*.222.207,hxxp://orl.kr/iB
2021,11,29,180033,172.*.196.75,hxxps://blu.vn/uyrgjde
2021,11,29,185542,104.*.58.2,hxxps://blu.vn/1qy7
2021,11,29,185542,183.*.199.230,hxxp://t2m.kr/n41uk
2021,11,29,190548,114.*.208.160,hxxp://114.43.208.160
2021,11,29,190548,67.*.248.10,hxxps://bit.ly/3CUbNr4
2021,11,29,190548,X,hxxp://yee.k1Lh.vin
2021,11,29,190548,120.*.21.21,hxxp://nhsavingbankis.com/
2021,11,29,190548,3.*.160.107,hxxps://orl.kr/jB
2021,11,29,200054,183.*.199.230,hxxp://t2m.kr/ys7mT
2021,11,29,200054,X,aan.f0hj.co
2021,11,29,221600,183.*.199.230,hxxp://t2m.kr/Oxn6v
2021,11,29,221600,115.*.48.31,hxxps://han.gl/rmWkV
2021,11,29,221600,104.*.54.8,cx.halfsmssa.com
2021,11,29,221600,3.*.218.73,hxxp://orl.kr/XB
2021,11,29,233108,172.*.1.225,hxxp://tinyurl.com/yk3tqxuw
2021,11,30,010611,67.*.248.10,hxxps://bit.ly/3EOwBk7
2021,11,30,033118,X,hxxp://nhsavingvs.com/
2021,11,30,032117,X,nizb.uwso.asia
2021,11,30,033118,1.*.146.204,hxxps://lrl.kr/dE7z
2021,11,30,030616,X,hxxp://yu.nicesmm.top
2021,11,30,074631,X,vb.munjadkm.net
2021,11,30,074631,X,hm.cjthemarpo.com
2021,11,30,072624,35.*.170.159,hxxps://t9y.me/rC3m
2021,11,30,074631,104.*.26.250,pp.pongdangd.com
2021,11,30,072624,1.*.146.204,hxxp://lrl.kr/qBkAzr1
2021,11,30,133641,104.*.93.70,fg.munjalakfs.top
2021,11,30,133641,67.*.248.11,hxxps://bit.ly/3xzhKYy
2021,11,30,133641,104.*.26.250,kk.pongdangd.com
2021,11,30,133641,49.*.174.113,hxxp://zXurl.cn/kmb
2021,11,30,154650,X,uo.nicesms.net
2021,11,30,154650,X,xxb.qis4.run
2021,11,30,201701,X,hxxp://nhsavingvis.com
2021,11,30,201200,1.*.146.204,hxxps://lrl.kr/I0O
2021,11,30,201701,X,hxxp://nhsavingvs.com/
2021,11,30,231210,X,hxxp://nhsavingvis.com
2021,11,30,231210,X,xc.xtxi.fit
2021,11,30,231210,172.*.176.126,gh.ppuriso.com
2021,11,30,231210,104.*.31.119,hxxps://gd.ppuriso.com/
2021,12,01,000222,172.*.196.75,hxxps://blu.vn/krdvf
2021,12,01,000222,172.*.176.126,gh.ppuriso.com
2021,12,01,005735,49.*.174.113,hxxp://zXurl.cn/bos
2021,12,01,000222,183.*.199.230,hxxp://t2m.kr/1QYig
2021,12,01,000222,X,bo.daehansm.top
2021,12,01,000222,67.*.248.11,bit.ly/2ZB6CO8
2021,12,01,000733,X,ws.munjadkm.net
2021,12,01,052742,104.*.31.119,hxxps://sh.ppuriso.com/
2021,12,01,052742,67.*.248.10,bit.ly/3E7Z7xa
2021,12,01,075304,X,hxxp://nhsavingvis.com
2021,12,01,073254,172.*.176.126,mo.ppuriso.com/
2021,12,01,075806,115.*.48.31,hxxps://urls.kr/IOaNr
2021,12,01,073801,104.*.60.59,hxxps://ya.mba/7kr
2021,12,01,075806,104.*.60.59,hxxps://ya.mba/7kr
2021,12,01,073254,104.*.60.59,hxxps://ya.mba/7kn
2021,12,01,072752,183.*.169.122,hxxps://urly.kr/5wquvd
2021,12,01,073254,172.*.173.88,gs.cjdmksk.com
2021,12,01,073254,27.*.36.25,hxxp://jmwam.kcdew.com
2021,12,01,075806,183.*.169.122,hxxps://urly.kr/7784xi
2021,12,01,073254,X,hxxps://6sde2.tumblr.com?&ba
2021,12,01,072752,X,hxxp://ws.nicesmm.top
2021,12,01,135822,36.*.87.67,hxxp://36.228.87.67/
2021,12,01,143331,X,ws.cjthemarpo.com
2021,12,01,143331,172.*.196.75,hxxps://blu.vn/uyrgjde
2021,12,01,143331,104.*.80.26,ws.cjdmksk.com
2021,12,01,143833,104.*.80.26,ws.cjdmksk.com
2021,12,01,143833,35.*.147.114,hxxps://iii.im/ToAuC
2021,12,01,143331,3.*.160.107,hxxp://orl.kr/bB
2021,12,01,143833,67.*.248.11,bit.ly/3xIXRhQ
2021,12,01,142323,114.*.211.145,hxxp://114.43.211.145
2021,12,01,143833,104.*.58.2,hxxps://blu.vn/19uh
2021,12,01,143833,52.*.199.106,hxxp://orl.kr/bB
2021,12,01,143833,183.*.169.122,hxxps://urly.kr/ut1c0b
2021,12,01,143833,104.*.60.59,hxxps://ya.mba/7kp
2021,12,01,143331,183.*.199.230,hxxp://t2m.kr/1QYig
